month,hour,segment,rows,rt_smape,rt_capped_smape,rt_mae,delta_mae,mean_abs_rt_actual,mean_abs_rt_error,mean_abs_delta,sign_error_rate,diagnosis_tag
2025-01,17,17_24,31,20.7196912597093,8.91991199005427,29.388787407319416,29.38878740731941,351.98419354838705,29.388787407319416,47.8616129032258,0.12903225806451613,month-hour seasonal concentration
2025-01,18,17_24,31,10.703818800497647,7.036215785627401,19.734149992594865,19.73414999259487,372.2977419354839,19.734149992594865,38.328709677419354,0.25806451612903225,month-hour seasonal concentration
2025-01,19,17_24,31,12.830079119976682,5.035901416298768,16.65747697015913,16.657476970159127,370.30612903225807,16.65747697015913,33.3658064516129,0.06451612903225806,month-hour seasonal concentration
2025-01,20,17_24,31,4.432349634161559,3.6000034626966384,12.700924968772863,12.700924968772851,365.42096774193544,12.700924968772863,34.556129032258056,0.0967741935483871,month-hour seasonal concentration
2025-01,21,17_24,31,7.257131298038926,2.016715536786956,9.492346435443809,9.492346435443805,362.98967741935485,9.492346435443809,34.88,0.03225806451612903,month-hour seasonal concentration
2025-01,22,17_24,31,3.3593992865327675,3.051144237791665,9.005379050797762,9.00537905079777,354.2148387096774,9.005379050797762,32.48064516129033,0.12903225806451613,month-hour seasonal concentration
2025-01,23,17_24,31,14.575385834664136,9.048820749417473,24.803045102511422,24.80304510251143,327.4780645161291,24.803045102511422,45.69451612903226,0.16129032258064516,month-hour seasonal concentration
2025-01,24,17_24,31,20.551096313926475,8.97979653753932,24.871030100348506,24.871030100348516,297.66322580645163,24.871030100348506,52.538387096774194,0.0967741935483871,month-hour seasonal concentration
2025-01,1,1_8,31,17.97682869400024,13.901843045917165,36.58914078812462,36.589140788124624,292.0374193548388,36.58914078812462,53.854193548387094,0.2903225806451613,sign error
2025-01,2,1_8,31,20.25282490061332,10.753092924356967,26.26949399712411,26.269493997124112,260.05870967741936,26.26949399712411,39.11290322580644,0.06451612903225806,month-hour seasonal concentration
2025-01,3,1_8,31,14.404158140040542,7.446356867370726,18.294355695522672,18.29435569552266,262.6548387096774,18.294355695522672,35.826129032258066,0.2903225806451613,sign error
2025-01,4,1_8,31,10.845599348113748,10.739511134271526,20.732273414554466,20.732273414554463,266.2038709677419,20.732273414554466,34.43419354838711,0.25806451612903225,month-hour seasonal concentration
2025-01,5,1_8,31,7.4862247678020815,7.4862247678020815,14.825213082993042,14.825213082993049,277.4893548387097,14.825213082993042,25.51354838709677,0.06451612903225806,month-hour seasonal concentration
2025-01,6,1_8,31,13.215157344403758,8.971446001915819,19.643956978098654,19.643956978098664,265.29806451612905,19.643956978098654,28.555161290322573,0.16129032258064516,month-hour seasonal concentration
2025-01,7,1_8,31,25.898765182021315,10.407697234175336,22.26259705164259,22.26259705164259,263.00967741935483,22.26259705164259,37.60451612903225,0.0967741935483871,month-hour seasonal concentration
2025-01,8,1_8,31,11.275616012271307,7.72022480934788,24.747761834457666,24.747761834457666,360.84612903225803,24.747761834457666,31.88451612903226,0.16129032258064516,month-hour seasonal concentration
2025-01,9,9_16,31,13.669648868977404,6.968793929561427,25.282791542418835,25.282791542418845,343.7864516129032,25.282791542418835,28.8141935483871,0.2903225806451613,sign error
2025-01,10,9_16,31,34.0750978289831,22.05910963441628,54.97718812869715,54.97718812869715,233.45741935483872,54.97718812869715,62.464193548387094,0.45161290322580644,sign error
2025-01,11,9_16,31,44.37435281557637,20.857816003163496,55.35435993988416,55.35435993988416,185.7948387096774,55.35435993988416,99.16645161290323,0.2903225806451613,sign error
2025-01,12,9_16,31,49.59176480775135,22.7437356510727,50.52771365030251,50.52771365030251,149.90870967741935,50.52771365030251,103.81290322580648,0.22580645161290322,month-hour seasonal concentration
2025-01,13,9_16,31,49.59558918827737,14.926430030015089,37.9035985535018,37.9035985535018,126.64709677419356,37.9035985535018,99.23354838709676,0.12903225806451613,month-hour seasonal concentration
2025-01,14,9_16,31,72.86234842867268,16.14316861809709,55.734503599294335,55.734503599294335,138.39612903225805,55.734503599294335,95.01258064516126,0.22580645161290322,low-price denominator sensitivity
2025-01,15,9_16,31,60.43511536798296,18.236847930969482,42.17153062690208,42.17153062690208,158.83709677419355,42.17153062690208,92.43838709677418,0.25806451612903225,month-hour seasonal concentration
2025-01,16,9_16,31,21.137935244240637,10.958343738856817,31.892391411412923,31.89239141141292,287.6341935483871,31.892391411412923,58.74580645161291,0.0967741935483871,month-hour seasonal concentration
2025-02,17,17_24,28,16.080989249659172,16.080989249659172,49.56935773450532,49.56935773450531,342.40857142857146,49.56935773450532,62.823928571428574,0.39285714285714285,sign error
2025-02,18,17_24,28,6.269881376974178,6.269881376974178,32.082144327026036,32.082144327026036,465.7192857142857,32.082144327026036,53.73964285714287,0.25,month-hour seasonal concentration
2025-02,19,17_24,28,8.440907266360366,8.440907266360366,36.1388371231943,36.138837123194286,465.5932142857142,36.1388371231943,42.32678571428571,0.21428571428571427,month-hour seasonal concentration
2025-02,20,17_24,28,4.692487801829776,4.692487801829776,21.474780039442567,21.47478003944256,446.2417857142858,21.474780039442567,46.36678571428571,0.21428571428571427,month-hour seasonal concentration
2025-02,21,17_24,28,4.01158268292061,4.01158268292061,17.687209527314398,17.68720952731441,443.80321428571443,17.687209527314398,46.363214285714285,0.10714285714285714,month-hour seasonal concentration
2025-02,22,17_24,28,8.045649308990903,8.045649308990903,25.641418438379905,25.641418438379905,420.57499999999993,25.641418438379905,52.17142857142858,0.07142857142857142,month-hour seasonal concentration
2025-02,23,17_24,28,12.163236962635114,11.99088622661555,31.24173406022687,31.24173406022687,374.64285714285705,31.24173406022687,47.365714285714276,0.2857142857142857,sign error
2025-02,24,17_24,28,19.996111567319673,8.536676370697093,23.76543832911795,23.765438329117956,354.1828571428572,23.76543832911795,43.269285714285715,0.14285714285714285,month-hour seasonal concentration
2025-02,1,1_8,28,27.0471910807271,11.148442621301294,34.11550118074306,34.11550118074306,302.8728571428572,34.11550118074306,37.696785714285724,0.32142857142857145,sign error
2025-02,2,1_8,28,24.650082655675824,9.553133237816263,27.237217279522742,27.23721727952275,279.1089285714285,27.237217279522742,41.06071428571429,0.14285714285714285,month-hour seasonal concentration
2025-02,3,1_8,28,24.580729758431268,10.792665236960222,26.29346628189953,26.293466281899526,265.60964285714283,26.29346628189953,42.58464285714285,0.2857142857142857,sign error
2025-02,4,1_8,28,34.66525879241594,14.089154956593934,31.223341808691025,31.22334180869103,239.13285714285715,31.223341808691025,49.29964285714285,0.14285714285714285,month-hour seasonal concentration
2025-02,5,1_8,28,33.85038642529771,11.477677396675015,26.40304505198024,26.40304505198024,234.9210714285714,26.40304505198024,48.290714285714294,0.32142857142857145,sign error
2025-02,6,1_8,28,42.399658957957854,10.034723852884074,35.013905100106406,35.013905100106406,245.83750000000003,35.013905100106406,45.60428571428571,0.35714285714285715,sign error
2025-02,7,1_8,28,45.87118260240111,8.301928816541333,33.25040171899891,33.25040171899891,276.7757142857143,33.25040171899891,56.839999999999996,0.2857142857142857,sign error
2025-02,8,1_8,28,14.86015033051011,10.375660505565266,23.263116423903647,23.263116423903643,339.66785714285714,23.263116423903647,44.39821428571429,0.17857142857142858,month-hour seasonal concentration
2025-02,9,9_16,28,56.354676227349266,25.722828593561808,67.1600822225668,67.1600822225668,232.7060714285714,67.1600822225668,69.94714285714285,0.35714285714285715,sign error
2025-02,10,9_16,28,48.2478685809403,24.3983350322269,59.037408333864654,59.037408333864654,146.28892857142858,59.037408333864654,77.09392857142858,0.35714285714285715,sign error
2025-02,11,9_16,28,18.350685454578343,10.656859328215413,23.780259134593216,23.78025913459322,114.22357142857143,23.780259134593216,43.14964285714286,0.21428571428571427,month-hour seasonal concentration
2025-02,12,9_16,28,16.601855380553392,5.554673730880416,15.313436185218487,15.313436185218482,108.29178571428572,15.313436185218487,38.147499999999994,0.25,month-hour seasonal concentration
2025-02,13,9_16,28,16.05667061038976,6.515223943879617,15.413582928656925,15.413582928656924,104.74178571428571,15.413582928656925,40.99357142857143,0.21428571428571427,month-hour seasonal concentration
2025-02,14,9_16,28,10.882845474019494,6.276492856901511,14.84679450572429,14.84679450572429,119.95892857142857,14.84679450572429,19.351071428571423,0.21428571428571427,month-hour seasonal concentration
2025-02,15,9_16,28,38.20951276607506,3.633696513805538,22.500282298877973,22.50028229887797,116.98964285714285,22.500282298877973,23.530714285714282,0.42857142857142855,sign error
2025-02,16,9_16,28,61.89251360146101,23.856057181337963,63.99680415068509,63.99680415068508,173.88035714285715,63.99680415068509,60.39964285714285,0.42857142857142855,sign error
2025-03,17,17_24,31,24.676942329459315,19.55105743071783,50.60834036120471,50.6083403612047,328.79774193548394,50.60834036120471,81.51774193548388,0.22580645161290322,month-hour seasonal concentration
2025-03,18,17_24,31,10.307079005180688,10.307079005180688,41.29066580740745,41.29066580740745,404.5574193548387,41.29066580740745,52.064193548387095,0.25806451612903225,month-hour seasonal concentration
2025-03,19,17_24,31,6.382558013421862,6.382558013421862,28.709337483624363,28.709337483624356,443.98999999999995,28.709337483624363,47.66806451612902,0.16129032258064516,month-hour seasonal concentration
2025-03,20,17_24,31,11.071485465099817,11.071485465099817,36.76720924963868,36.76720924963869,430.0906451612904,36.76720924963868,49.46612903225806,0.12903225806451613,month-hour seasonal concentration
2025-03,21,17_24,31,7.282800146069031,7.282800146069031,29.158385863898527,29.158385863898516,417.26161290322574,29.158385863898527,57.68290322580644,0.1935483870967742,month-hour seasonal concentration
2025-03,22,17_24,31,8.998940989937559,8.998940989937559,24.06704511335173,24.067045113351735,377.2574193548388,24.06704511335173,49.744516129032256,0.22580645161290322,month-hour seasonal concentration
2025-03,23,17_24,31,13.090414949415596,11.532234493715944,31.036489053634934,31.03648905363493,356.9545161290322,31.036489053634934,44.561290322580646,0.22580645161290322,month-hour seasonal concentration
2025-03,24,17_24,31,26.66339768539406,14.877717317382048,39.689550632265785,39.68955063226578,322.281935483871,39.689550632265785,77.0658064516129,0.16129032258064516,month-hour seasonal concentration
2025-03,1,1_8,31,38.27318148080235,18.75771004296209,43.80666254890769,43.806662548907696,280.1441935483871,43.80666254890769,63.17258064516129,0.3548387096774194,sign error
2025-03,2,1_8,31,49.017500339789436,25.873833528689097,60.13069049491599,60.13069049491599,253.25193548387094,60.13069049491599,64.0225806451613,0.1935483870967742,ramp/shock
2025-03,3,1_8,31,38.04989797699251,15.217478370572321,35.74048819103247,35.74048819103248,258.8748387096774,35.74048819103247,57.62290322580646,0.25806451612903225,month-hour seasonal concentration
2025-03,4,1_8,31,39.392832454193936,13.692954237144356,32.49277521148102,32.49277521148101,267.85903225806453,32.49277521148102,47.30387096774195,0.1935483870967742,month-hour seasonal concentration
2025-03,5,1_8,31,26.610293083705237,12.63133772654874,31.348454690025978,31.348454690025974,295.97129032258067,31.348454690025978,45.35354838709677,0.25806451612903225,month-hour seasonal concentration
2025-03,6,1_8,31,13.873285626292704,7.421672777790618,22.450398531792548,22.450398531792537,318.00967741935483,22.450398531792548,42.35096774193548,0.25806451612903225,month-hour seasonal concentration
2025-03,7,1_8,31,12.734773904509826,9.04404799455984,26.840790538213827,26.840790538213827,364.8935483870968,26.840790538213827,46.09741935483872,0.1935483870967742,month-hour seasonal concentration
2025-03,8,1_8,31,38.69922611525227,36.32823861653075,76.80980321455404,76.80980321455407,283.1229032258065,76.80980321455404,101.2490322580645,0.16129032258064516,ramp/shock
2025-03,9,9_16,31,62.69350237407262,29.511669544347843,94.55997205597409,94.55997205597409,197.09193548387094,94.55997205597409,119.20935483870969,0.3225806451612903,sign error
2025-03,10,9_16,31,37.7797921941598,13.930400432020459,46.11731683897444,46.11731683897444,126.38903225806452,46.11731683897444,52.402580645161294,0.4838709677419355,sign error
2025-03,11,9_16,31,9.766374869074907,5.036400255516155,17.056579888202233,17.056579888202233,119.47967741935484,17.056579888202233,32.27225806451613,0.6451612903225806,sign error
2025-03,12,9_16,31,20.29878382933138,10.197137179256583,28.022003914061727,28.022003914061727,121.02258064516128,28.022003914061727,48.09290322580645,0.5161290322580645,sign error
2025-03,13,9_16,31,12.989860985358005,10.811308753298393,26.487452285438977,26.487452285438977,128.5251612903226,26.487452285438977,48.66387096774194,0.5483870967741935,sign error
2025-03,14,9_16,31,30.624244690884627,7.990229504029698,31.795220890821167,31.795220890821174,144.7561290322581,31.795220890821167,62.624838709677405,0.45161290322580644,sign error
2025-03,15,9_16,31,29.547372807362233,12.70732628048668,37.94407638039145,37.94407638039145,165.19870967741934,37.94407638039145,72.4841935483871,0.41935483870967744,sign error
2025-03,16,9_16,31,47.26440911048736,16.463126429722337,50.9730549055796,50.9730549055796,213.8067741935484,50.9730549055796,83.59290322580642,0.3225806451612903,sign error
2025-04,17,17_24,30,50.8486562939245,30.196821514599872,86.93853519444438,86.93853519444438,317.53499999999997,86.93853519444438,111.29966666666668,0.3333333333333333,sign error
2025-04,18,17_24,30,10.332888247738758,10.332888247738758,40.66109189959195,40.661091899591945,439.4956666666666,40.66109189959195,62.19933333333333,0.16666666666666666,smooth bias
2025-04,19,17_24,30,13.826248109859067,11.449297889947006,43.85317671261102,43.85317671261102,472.6596666666667,43.85317671261102,54.39000000000001,0.3,sign error
2025-04,20,17_24,30,8.081631730396063,6.621848693224185,29.622059252404547,29.622059252404547,467.9856666666666,29.622059252404547,57.095000000000006,0.2,month-hour seasonal concentration
2025-04,21,17_24,30,6.712193318209343,6.223554878189094,30.16295878148907,30.162958781489078,477.28566666666666,30.16295878148907,67.17,0.1,month-hour seasonal concentration
2025-04,22,17_24,30,6.365418518159983,4.472959963643059,22.048904548349736,22.048904548349743,461.668,22.048904548349736,62.98000000000001,0.06666666666666667,month-hour seasonal concentration
2025-04,23,17_24,30,6.150092560696123,5.185044207778058,22.870607426868364,22.870607426868357,427.95633333333336,22.870607426868364,53.68866666666666,0.16666666666666666,month-hour seasonal concentration
2025-04,24,17_24,30,7.3204130030431,6.809642641812325,29.32491372361311,29.32491372361312,416.92066666666665,29.32491372361311,60.02633333333333,0.1,month-hour seasonal concentration
2025-04,1,1_8,30,12.611687549263417,12.092951406053906,47.01617714148837,47.01617714148837,396.74566666666664,47.01617714148837,47.96299999999998,0.36666666666666664,sign error
2025-04,2,1_8,30,14.914961821252655,12.506982686816503,29.183303604264317,29.18330360426433,369.0809999999999,29.183303604264317,44.384000000000015,0.06666666666666667,month-hour seasonal concentration
2025-04,3,1_8,30,19.526359090652985,9.617264462284401,27.245462479808378,27.245462479808378,355.8443333333334,27.245462479808378,45.20966666666667,0.16666666666666666,month-hour seasonal concentration
2025-04,4,1_8,30,9.211071442175347,4.099316078942293,16.520712593668996,16.520712593669,353.4783333333332,16.520712593668996,41.494666666666674,0.16666666666666666,month-hour seasonal concentration
2025-04,5,1_8,30,16.794191013454242,8.80555294713279,26.740380073486794,26.74038007348679,353.3716666666667,26.740380073486794,40.449,0.16666666666666666,month-hour seasonal concentration
2025-04,6,1_8,30,22.85788882652049,16.492699947634588,48.90236636727348,48.90236636727347,387.179,48.90236636727348,53.78633333333334,0.23333333333333334,month-hour seasonal concentration
2025-04,7,1_8,30,24.314461143049034,20.789882447145587,50.946193526686095,50.946193526686095,337.54600000000005,50.946193526686095,67.88033333333333,0.3333333333333333,sign error
2025-04,8,1_8,30,69.6077888164369,35.67302773858073,71.96423293740162,71.96423293740162,149.2663333333333,71.96423293740162,80.07833333333333,0.4,sign error
2025-04,9,9_16,30,21.578077423528946,13.32835003542615,26.057455196511214,26.057455196511214,100.61133333333333,26.057455196511214,35.54566666666666,0.13333333333333333,month-hour seasonal concentration
2025-04,10,9_16,30,19.395020199371583,6.400484603531864,18.699764039063346,18.699764039063346,88.59833333333333,18.699764039063346,24.325333333333333,0.16666666666666666,month-hour seasonal concentration
2025-04,11,9_16,30,6.25552130347241,1.6855319854451856,6.077289272028361,6.0772892720283584,84.35633333333334,6.077289272028361,18.174999999999994,0.3,sign error
2025-04,12,9_16,30,19.464629884418805,2.0420634531752238,14.566411170418114,14.566411170418114,78.602,14.566411170418114,15.399333333333335,0.2,month-hour seasonal concentration
2025-04,13,9_16,30,13.97851589007113,3.4599967766875253,10.792478280512434,10.792478280512436,80.23,10.792478280512434,16.416,0.26666666666666666,month-hour seasonal concentration
2025-04,14,9_16,30,25.802638096271128,10.766940677775576,32.0324178442206,32.0324178442206,97.26066666666667,32.0324178442206,40.05433333333334,0.4,sign error
2025-04,15,9_16,30,37.1804398292137,16.18842192687338,46.97688728224567,46.97688728224567,113.19200000000001,46.97688728224567,69.96700000000001,0.2,low-price denominator sensitivity
2025-04,16,9_16,30,50.70577325953353,14.528251927963584,52.8655257929709,52.8655257929709,156.15533333333332,52.8655257929709,82.058,0.2,smooth bias
2025-05,17,17_24,31,47.793601900409264,29.47900888534918,81.0227411713528,81.0227411713528,309.7758064516128,81.0227411713528,107.94193548387095,0.3225806451612903,sign error
2025-05,18,17_24,31,13.211059622840784,13.211059622840784,51.55618021957632,51.556180219576305,415.788064516129,51.55618021957632,52.67354838709679,0.22580645161290322,month-hour seasonal concentration
2025-05,19,17_24,31,8.262466440617859,8.262466440617859,36.24329455888406,36.24329455888405,468.6712903225806,36.24329455888406,52.75451612903226,0.3225806451612903,sign error
2025-05,20,17_24,31,6.1557603691186,6.1557603691186,28.534587882604374,28.534587882604377,471.75161290322575,28.534587882604374,59.168387096774204,0.0967741935483871,month-hour seasonal concentration
2025-05,21,17_24,31,6.0421660213817,6.0421660213817,29.09667274823593,29.096672748235928,479.0435483870968,29.09667274823593,57.896129032258074,0.12903225806451613,month-hour seasonal concentration
2025-05,22,17_24,31,5.611381006116524,5.611381006116524,24.69724076850393,24.697240768503935,473.20838709677435,24.69724076850393,60.102580645161304,0.12903225806451613,month-hour seasonal concentration
2025-05,23,17_24,31,4.658135041013308,4.658135041013308,21.3533931059521,21.353393105952097,459.7103225806452,21.3533931059521,54.502580645161295,0.22580645161290322,month-hour seasonal concentration
2025-05,24,17_24,31,6.809112595782079,6.809112595782079,27.497466522797026,27.497466522797033,450.3029032258065,27.497466522797026,46.21129032258065,0.16129032258064516,month-hour seasonal concentration
2025-05,1,1_8,31,10.651257715778856,10.651257715778856,57.81152261813115,57.81152261813116,464.45064516129037,57.81152261813115,52.79451612903226,0.45161290322580644,sign error
2025-05,2,1_8,31,13.874952634385863,13.874952634385863,48.949916151929465,48.949916151929465,430.8183870967742,48.949916151929465,40.419032258064505,0.25806451612903225,month-hour seasonal concentration
2025-05,3,1_8,31,8.810442208130615,8.810442208130615,34.34297556960465,34.34297556960466,419.9974193548387,34.34297556960465,52.9916129032258,0.1935483870967742,month-hour seasonal concentration
2025-05,4,1_8,31,12.378680404676057,5.927067567194775,25.51754631817926,25.517546318179264,395.34806451612894,25.51754631817926,39.01,0.1935483870967742,month-hour seasonal concentration
2025-05,5,1_8,31,9.184703964781868,9.184703964781868,29.198075623212315,29.19807562321232,400.70870967741934,29.198075623212315,34.94451612903226,0.25806451612903225,month-hour seasonal concentration
2025-05,6,1_8,31,10.344269570967965,10.344269570967965,53.929519748226156,53.92951974822616,401.90935483870965,53.929519748226156,68.1841935483871,0.25806451612903225,month-hour seasonal concentration
2025-05,7,1_8,31,41.35955374233101,30.94314718572356,71.20606747144066,71.20606747144066,257.45645161290327,71.20606747144066,92.74258064516131,0.2903225806451613,sign error
2025-05,8,1_8,31,39.965438692246025,20.611722321005832,56.83389385053202,56.83389385053203,155.54354838709682,56.83389385053202,87.81645161290322,0.16129032258064516,low-price denominator sensitivity
2025-05,9,9_16,31,47.05898544974695,21.92451910763235,52.38138068823329,52.38138068823329,125.4551612903226,52.38138068823329,73.67064516129034,0.0967741935483871,low-price denominator sensitivity
2025-05,10,9_16,31,44.89741562802518,12.891894800051167,40.26785609098347,40.26785609098347,103.33483870967744,40.26785609098347,31.265806451612907,0.25806451612903225,low-price denominator sensitivity
2025-05,11,9_16,31,21.834929366525586,5.36625057366608,22.373807512497674,22.373807512497677,101.86354838709677,22.373807512497674,28.10193548387097,0.1935483870967742,month-hour seasonal concentration
2025-05,12,9_16,31,32.40171635313011,9.020552155656514,27.839837558174857,27.839837558174857,96.52677419354839,27.839837558174857,22.669354838709676,0.3548387096774194,sign error
2025-05,13,9_16,31,22.862301163189723,3.6303482113586414,15.67007441448768,15.670074414487678,91.18161290322581,15.67007441448768,22.911290322580637,0.3870967741935484,sign error
2025-05,14,9_16,31,43.32326986079289,13.580563984414843,41.930202079125536,41.930202079125536,105.76935483870967,41.930202079125536,44.181612903225805,0.3870967741935484,sign error
2025-05,15,9_16,31,74.54092736928914,12.819095617691556,54.62904098900366,54.62904098900365,133.96935483870968,54.62904098900366,83.53483870967742,0.1935483870967742,low-price denominator sensitivity
2025-05,16,9_16,31,40.64687422256214,21.03278856942637,43.710923950272715,43.710923950272715,172.29838709677418,43.710923950272715,96.83709677419354,0.12903225806451613,smooth bias
2025-06,17,17_24,30,13.828458576179855,13.828458576179855,35.65904011394681,35.65904011394681,311.14233333333334,35.65904011394681,54.05433333333334,0.16666666666666666,month-hour seasonal concentration
2025-06,18,17_24,30,5.904715840626116,5.904715840626116,23.806221317468005,23.806221317468,407.05799999999994,23.806221317468005,33.25266666666666,0.3,sign error
2025-06,19,17_24,30,5.892066019547057,5.892066019547057,25.428399891485803,25.42839989148581,439.68433333333326,25.428399891485803,37.433666666666674,0.13333333333333333,month-hour seasonal concentration
2025-06,20,17_24,30,5.9181772183894505,5.9181772183894505,26.09671411375776,26.096714113757752,439.516,26.09671411375776,49.548999999999985,0.2,month-hour seasonal concentration
2025-06,21,17_24,30,2.5479768480811797,2.5479768480811797,11.469482188879839,11.469482188879843,437.9783333333333,11.469482188879839,45.10066666666667,0.1,month-hour seasonal concentration
2025-06,22,17_24,30,3.7190548743195593,3.7190548743195593,15.541910402309993,15.541910402309997,427.79,15.541910402309993,40.444666666666656,0.3,sign error
2025-06,23,17_24,30,5.779734357372446,5.779734357372446,21.2112702878231,21.2112702878231,409.8173333333333,21.2112702878231,39.24066666666667,0.06666666666666667,month-hour seasonal concentration
2025-06,24,17_24,30,6.172440569244519,6.172440569244519,27.963317308188053,27.963317308188053,413.40333333333336,27.963317308188053,52.38533333333333,0.2,month-hour seasonal concentration
2025-06,1,1_8,30,7.37337199575041,7.37337199575041,29.220391891428516,29.220391891428513,427.42066666666665,29.220391891428516,26.41300000000001,0.26666666666666666,month-hour seasonal concentration
2025-06,2,1_8,30,3.0376358661448277,3.0376358661448277,11.860350385992973,11.860350385992973,400.3506666666666,11.860350385992973,18.800666666666675,0.1,month-hour seasonal concentration
2025-06,3,1_8,30,3.33294870171741,3.33294870171741,11.559246756268099,11.559246756268102,387.69499999999994,11.559246756268099,18.74266666666666,0.16666666666666666,month-hour seasonal concentration
2025-06,4,1_8,30,3.5897176027229354,3.5897176027229354,13.438442846460005,13.438442846460012,380.6773333333333,13.438442846460005,22.035333333333345,0.16666666666666666,month-hour seasonal concentration
2025-06,5,1_8,30,2.152162413008813,2.152162413008813,8.15430673886553,8.154306738865525,382.932,8.15430673886553,20.498666666666672,0.1,month-hour seasonal concentration
2025-06,6,1_8,30,9.55641788468375,9.55641788468375,32.95868427167245,32.95868427167244,341.6450000000001,32.95868427167245,35.28566666666667,0.26666666666666666,month-hour seasonal concentration
2025-06,7,1_8,30,35.48372836522678,21.279933099449604,40.739259955338675,40.73925995533867,219.37633333333332,40.739259955338675,79.776,0.16666666666666666,smooth bias
2025-06,8,1_8,30,24.341317443969317,11.983226336138696,31.771238034746162,31.771238034746162,166.081,31.771238034746162,66.57700000000001,0.2,month-hour seasonal concentration
2025-06,9,9_16,30,47.1788766500953,22.035668360947977,45.350857917029394,45.350857917029394,145.60633333333334,45.350857917029394,77.57633333333332,0.26666666666666666,month-hour seasonal concentration
2025-06,10,9_16,30,48.47445447832508,24.026845320545654,56.161050109088414,56.161050109088414,127.86200000000002,56.161050109088414,72.66766666666666,0.23333333333333334,low-price denominator sensitivity
2025-06,11,9_16,30,41.69736019823533,14.079589417346003,51.24632368145694,51.24632368145694,133.80066666666664,51.24632368145694,84.27166666666669,0.13333333333333333,low-price denominator sensitivity
2025-06,12,9_16,30,56.312736682272494,9.898107336637826,34.91074748353138,34.91074748353139,125.65433333333334,34.91074748353138,78.20933333333332,0.1,month-hour seasonal concentration
2025-06,13,9_16,30,33.61976336818959,8.61633971466986,29.55451295474957,29.554512954749573,111.286,29.55451295474957,64.93666666666667,0.13333333333333333,month-hour seasonal concentration
2025-06,14,9_16,30,45.505932230188634,7.142688135616655,32.00585424507782,32.00585424507783,122.80233333333334,32.00585424507782,73.62933333333334,0.1,month-hour seasonal concentration
2025-06,15,9_16,30,58.54814776509938,13.300851986487276,39.78505424350322,39.78505424350322,134.39866666666666,39.78505424350322,72.54500000000002,0.2,month-hour seasonal concentration
2025-06,16,9_16,30,62.70579300680641,19.66415646028365,56.40360085975271,56.40360085975271,200.10166666666666,56.40360085975271,75.50366666666667,0.23333333333333334,ramp/shock
2025-07,17,17_24,31,5.985779887412178,5.985779887412178,22.126464026179484,22.126464026179473,380.0735483870968,22.126464026179484,32.14032258064516,0.3225806451612903,sign error
2025-07,18,17_24,31,5.051880919032028,5.051880919032028,22.943712697143273,22.943712697143283,451.4070967741936,22.943712697143273,28.828709677419365,0.25806451612903225,month-hour seasonal concentration
2025-07,19,17_24,31,7.981279803726753,7.981279803726753,42.24000991985047,42.24000991985047,500.1316129032259,42.24000991985047,58.514838709677434,0.22580645161290322,month-hour seasonal concentration
2025-07,20,17_24,31,6.907900227128402,6.907900227128402,41.56939790231,41.56939790231,507.8296774193548,41.56939790231,72.77870967741937,0.16129032258064516,smooth bias
2025-07,21,17_24,31,4.153275145583071,4.153275145583071,22.218635049580385,22.218635049580392,498.67870967741936,22.218635049580385,66.55516129032259,0.06451612903225806,month-hour seasonal concentration
2025-07,22,17_24,31,4.262610955780294,4.262610955780294,25.06807994246143,25.06807994246144,494.97903225806454,25.06807994246143,73.13709677419357,0.03225806451612903,month-hour seasonal concentration
2025-07,23,17_24,31,6.46187045055294,6.46187045055294,31.348394802008503,31.348394802008503,452.9283870967742,31.348394802008503,40.795806451612904,0.12903225806451613,month-hour seasonal concentration
2025-07,24,17_24,31,4.45111008121897,4.45111008121897,19.812351504807065,19.81235150480707,441.02806451612906,19.812351504807065,38.63806451612904,0.06451612903225806,month-hour seasonal concentration
2025-07,1,1_8,31,5.249427701034482,5.249427701034482,22.40135973472788,22.40135973472788,436.34064516129035,22.40135973472788,23.091290322580644,0.25806451612903225,month-hour seasonal concentration
2025-07,2,1_8,31,2.2082204439303506,2.2082204439303506,9.539469116181554,9.539469116181545,431.62999999999994,9.539469116181554,19.35096774193548,0.22580645161290322,month-hour seasonal concentration
2025-07,3,1_8,31,3.4848277786812654,3.4848277786812654,14.241957150510181,14.24195715051018,405.9874193548387,14.241957150510181,18.4641935483871,0.25806451612903225,month-hour seasonal concentration
2025-07,4,1_8,31,2.454032560633121,2.454032560633121,9.47277563214999,9.472775632149984,384.36580645161285,9.47277563214999,16.979032258064514,0.2903225806451613,sign error
2025-07,5,1_8,31,1.855707337410392,1.855707337410392,6.924643989788671,6.924643989788673,373.9506451612903,6.924643989788671,14.83935483870967,0.1935483870967742,month-hour seasonal concentration
2025-07,6,1_8,31,2.6761945302837487,2.6761945302837487,9.128983824246324,9.128983824246314,359.7735483870967,9.128983824246324,18.414193548387093,0.3225806451612903,sign error
2025-07,7,1_8,31,6.4063841809528155,6.4063841809528155,16.008375751904204,16.008375751904204,275.7367741935484,16.008375751904204,24.85387096774194,0.0967741935483871,month-hour seasonal concentration
2025-07,8,1_8,31,37.82281408138784,21.542564578904262,35.15077943305726,35.15077943305726,169.34612903225806,35.15077943305726,58.285161290322584,0.22580645161290322,month-hour seasonal concentration
2025-07,9,9_16,31,51.313009738189486,18.824079341638722,38.67914414612563,38.67914414612564,138.1938709677419,38.67914414612563,59.87612903225805,0.22580645161290322,month-hour seasonal concentration
2025-07,10,9_16,31,55.650834155068296,31.219369551032617,49.714988321368665,49.71498832136867,128.30548387096775,49.714988321368665,75.45387096774193,0.25806451612903225,low-price denominator sensitivity
2025-07,11,9_16,31,49.088480293377806,17.592628109152034,35.79294619992672,35.792946199926725,142.03548387096777,35.79294619992672,83.78064516129032,0.0967741935483871,month-hour seasonal concentration
2025-07,12,9_16,31,46.28331094738089,22.91402460216739,40.265858588479226,40.26585858847924,153.87870967741938,40.265858588479226,77.7674193548387,0.16129032258064516,smooth bias
2025-07,13,9_16,31,39.526630177935274,19.75195196858031,34.62264943195933,34.62264943195933,147.72709677419354,34.62264943195933,88.0125806451613,0.22580645161290322,month-hour seasonal concentration
2025-07,14,9_16,31,27.204983544200374,20.200751895171205,29.474542059554977,29.474542059554977,174.54870967741937,29.474542059554977,74.7858064516129,0.16129032258064516,month-hour seasonal concentration
2025-07,15,9_16,31,33.72691023645773,17.408806059377795,33.96457931587017,33.96457931587017,215.40387096774197,33.96457931587017,65.0874193548387,0.1935483870967742,month-hour seasonal concentration
2025-07,16,9_16,31,18.862130536667,15.546441089871635,35.133121276366275,35.13312127636628,300.4577419354839,35.133121276366275,49.6625806451613,0.25806451612903225,month-hour seasonal concentration
2025-08,17,17_24,31,5.2780047836168995,5.2780047836168995,22.01509908178753,22.015099081787543,410.37411290322586,22.01509908178753,37.02072580645161,0.16129032258064516,month-hour seasonal concentration
2025-08,18,17_24,31,13.274826221063496,13.274826221063496,69.92536029462623,69.92536029462623,453.3950806451613,69.92536029462623,88.99072580645162,0.3225806451612903,sign error
2025-08,19,17_24,31,13.290801744742959,13.290801744742959,70.01268500049602,70.01268500049602,470.91604838709674,70.01268500049602,130.9504032258065,0.0967741935483871,ramp/shock
2025-08,20,17_24,31,6.054018120674239,6.054018120674239,29.793290975822885,29.79329097582288,454.58443548387106,29.793290975822885,127.31975806451612,0.0967741935483871,month-hour seasonal concentration
2025-08,21,17_24,31,5.554201807792862,5.554201807792862,23.7390316611395,23.739031661139514,437.46572580645153,23.7390316611395,120.56943548387098,0.03225806451612903,month-hour seasonal concentration
2025-08,22,17_24,31,8.732034599133279,8.732034599133279,33.95833916837608,33.95833916837607,417.1487903225806,33.95833916837608,90.25508064516129,0.06451612903225806,month-hour seasonal concentration
2025-08,23,17_24,31,7.068924977364365,7.068924977364365,26.53887567325515,26.538875673255145,400.96129032258057,26.53887567325515,64.58032258064516,0.06451612903225806,month-hour seasonal concentration
2025-08,24,17_24,31,8.12314419067653,8.12314419067653,37.225047856590415,37.22504785659039,408.86798387096763,37.225047856590415,86.9842741935484,0.0967741935483871,month-hour seasonal concentration
2025-08,1,1_8,31,17.8145576400946,17.8145576400946,75.56461209708651,75.56461209708652,418.0172580645161,75.56461209708651,39.94048387096774,0.4838709677419355,sign error
2025-08,2,1_8,31,3.09036990459585,3.09036990459585,13.497894808521332,13.497894808521332,419.92346774193555,13.497894808521332,32.5316935483871,0.1935483870967742,month-hour seasonal concentration
2025-08,3,1_8,31,8.433352368063517,7.901724616325538,22.789054402205632,22.78905440220563,403.55056451612893,22.789054402205632,15.209758064516134,0.12903225806451613,month-hour seasonal concentration
2025-08,4,1_8,31,2.120036456873676,2.120036456873676,8.948288788074242,8.948288788074239,389.66395161290325,8.948288788074242,14.866532258064524,0.16129032258064516,month-hour seasonal concentration
2025-08,5,1_8,31,2.570588256177387,2.570588256177387,12.447348470748723,12.447348470748725,390.7028225806451,12.447348470748723,20.31443548387097,0.03225806451612903,month-hour seasonal concentration
2025-08,6,1_8,31,1.4526990415771224,1.4526990415771224,5.5999133661287965,5.599913366128808,382.6108064516128,5.5999133661287965,15.53370967741936,0.16129032258064516,month-hour seasonal concentration
2025-08,7,1_8,31,3.8617821098066325,3.8617821098066325,13.961747595826266,13.96174759582626,346.1898387096773,13.961747595826266,20.737903225806452,0.1935483870967742,month-hour seasonal concentration
2025-08,8,1_8,31,10.864893536343894,10.864893536343894,26.530444678713277,26.53044467871328,294.3945161290322,26.530444678713277,36.013225806451615,0.12903225806451613,month-hour seasonal concentration
2025-08,9,9_16,31,32.03622140753638,12.458117332577887,30.47775129873431,30.47775129873432,264.28193548387094,30.47775129873431,52.27032258064516,0.22580645161290322,month-hour seasonal concentration
2025-08,10,9_16,31,31.632194981150185,14.980886478414936,36.1752085767934,36.17520857679341,254.28790322580645,36.1752085767934,62.551774193548376,0.1935483870967742,month-hour seasonal concentration
2025-08,11,9_16,31,19.012461182047034,9.86663913674716,26.308855748240553,26.308855748240543,257.33032258064515,26.308855748240553,66.18516129032257,0.0967741935483871,month-hour seasonal concentration
2025-08,12,9_16,31,20.28357560017333,13.198205313925396,26.710349791566195,26.7103497915662,266.4387903225806,26.710349791566195,62.43637096774192,0.12903225806451613,month-hour seasonal concentration
2025-08,13,9_16,31,23.29265569760295,12.774223275782722,26.945242282144854,26.94524228214485,262.06741935483865,26.945242282144854,56.00806451612902,0.06451612903225806,month-hour seasonal concentration
2025-08,14,9_16,31,17.316335326069186,13.37406937728733,27.418738347819414,27.418738347819424,286.9079838709677,27.418738347819414,51.452983870967756,0.16129032258064516,month-hour seasonal concentration
2025-08,15,9_16,31,16.340382598399835,10.223011628507424,27.98286012040491,27.982860120404904,322.2083870967742,27.98286012040491,42.08903225806452,0.0967741935483871,month-hour seasonal concentration
2025-08,16,9_16,31,9.478193986796931,9.478193986796931,28.65249891331844,28.652498913318443,363.8218548387097,28.65249891331844,38.1915322580645,0.22580645161290322,month-hour seasonal concentration
2025-09,17,17_24,30,12.450623386572204,12.450623386572204,56.13791238201118,56.13791238201116,400.15313333333336,56.13791238201118,44.26043333333335,0.4,sign error
2025-09,18,17_24,30,9.19172481671811,9.19172481671811,44.13987798846914,44.13987798846913,416.1030666666667,44.13987798846914,68.41436666666667,0.26666666666666666,month-hour seasonal concentration
2025-09,19,17_24,30,3.968467751738658,3.968467751738658,17.528340273796303,17.5283402737963,416.2053,17.528340273796303,62.69893333333333,0.1,month-hour seasonal concentration
2025-09,20,17_24,30,5.888001637758065,5.888001637758065,22.116638973345275,22.116638973345275,410.45223333333337,22.116638973345275,49.898199999999996,0.16666666666666666,month-hour seasonal concentration
2025-09,21,17_24,30,6.196154109379464,6.196154109379464,21.663986390782483,21.663986390782487,397.2717,21.663986390782483,28.620666666666658,0.06666666666666667,month-hour seasonal concentration
2025-09,22,17_24,30,5.215355727863066,5.215355727863066,22.529460772253245,22.529460772253252,392.3596666666668,22.529460772253245,35.47696666666668,0.06666666666666667,month-hour seasonal concentration
2025-09,23,17_24,30,4.430734634458379,4.430734634458379,16.545520159484685,16.545520159484695,384.1108333333333,16.545520159484685,21.79319999999999,0.23333333333333334,month-hour seasonal concentration
2025-09,24,17_24,30,4.005990914295644,4.005990914295644,14.06302967651652,14.063029676516516,375.4297666666666,14.06302967651652,16.99290000000001,0.16666666666666666,month-hour seasonal concentration
2025-09,1,1_8,30,4.35729918927415,4.35729918927415,15.15772613245945,15.157726132459443,373.98380000000003,15.15772613245945,14.873433333333333,0.3333333333333333,sign error
2025-09,2,1_8,30,2.1641688280251836,2.1641688280251836,7.473388509197432,7.473388509197426,366.0507666666666,7.473388509197432,13.059066666666665,0.03333333333333333,month-hour seasonal concentration
2025-09,3,1_8,30,1.9034493934663237,1.9034493934663237,6.451142917230993,6.451142917230995,362.40216666666663,6.451142917230993,11.301799999999998,0.06666666666666667,month-hour seasonal concentration
2025-09,4,1_8,30,1.3932017298104111,1.3932017298104111,4.87155093250148,4.871550932501474,359.57496666666674,4.87155093250148,9.870933333333332,0.13333333333333333,month-hour seasonal concentration
2025-09,5,1_8,30,1.458840759714298,1.458840759714298,4.918200514136896,4.91820051413689,364.50236666666666,4.918200514136896,8.229666666666663,0.23333333333333334,month-hour seasonal concentration
2025-09,6,1_8,30,1.9048419774876757,1.9048419774876757,7.8295685744900005,7.829568574490015,372.6449666666666,7.8295685744900005,10.146866666666664,0.23333333333333334,month-hour seasonal concentration
2025-09,7,1_8,30,1.9499680624842801,1.9499680624842801,7.32192278654257,7.321922786542571,374.5969666666667,7.32192278654257,9.911266666666664,0.26666666666666666,month-hour seasonal concentration
2025-09,8,1_8,30,9.835905473289703,9.835905473289703,26.398527181000414,26.39852718100041,323.0039,26.398527181000414,26.225866666666665,0.4,sign error
2025-09,9,9_16,30,35.62380465566662,17.77849560593328,65.59765426281203,65.59765426281203,251.09986666666663,65.59765426281203,86.82583333333334,0.2,ramp/shock
2025-09,10,9_16,30,35.47688176358462,12.699215316266988,50.323774012685455,50.323774012685455,230.56246666666667,50.323774012685455,92.11683333333332,0.2,smooth bias
2025-09,11,9_16,30,34.56427751928761,10.288532397607975,40.32216007802321,40.32216007802321,232.40426666666664,40.32216007802321,97.49923333333332,0.2,smooth bias
2025-09,12,9_16,30,26.91040786695331,12.567461847807525,32.714682858704705,32.714682858704705,228.0144333333333,32.714682858704705,93.9214,0.2,month-hour seasonal concentration
2025-09,13,9_16,30,36.389031983662,16.18108178975647,44.11729397838417,44.11729397838417,220.73056666666668,44.11729397838417,77.69859999999997,0.2,smooth bias
2025-09,14,9_16,30,40.63896140456164,16.724154648543767,59.7463787240504,59.746378724050395,261.54749999999996,59.7463787240504,86.0966,0.26666666666666666,ramp/shock
2025-09,15,9_16,30,37.74358715948212,20.809892877744605,61.31764257776568,61.31764257776569,310.6091,61.31764257776568,100.37886666666668,0.2,ramp/shock
2025-09,16,9_16,30,15.746145165688015,15.746145165688015,39.60550163098337,39.60550163098336,343.6149333333333,39.60550163098337,62.59043333333334,0.13333333333333333,month-hour seasonal concentration
2025-10,17,17_24,31,15.681904357459139,15.681904357459139,74.96839886514653,74.96839886514653,421.69170967741945,74.96839886514653,80.54506451612905,0.41935483870967744,sign error
2025-10,18,17_24,31,13.463434297420875,13.463434297420875,58.65265825276057,58.65265825276057,422.80196774193547,58.65265825276057,93.85029032258063,0.2903225806451613,sign error
2025-10,19,17_24,31,8.750516031969836,8.750516031969836,33.31191436331992,33.311914363319914,407.64638709677416,33.31191436331992,93.65548387096773,0.06451612903225806,month-hour seasonal concentration
2025-10,20,17_24,31,11.34665651951638,11.34665651951638,39.775592689312006,39.775592689312,398.2333548387097,39.775592689312006,75.23164516129027,0.16129032258064516,month-hour seasonal concentration
2025-10,21,17_24,31,4.792092161566634,4.792092161566634,19.043336326187134,19.04333632618713,401.09867741935494,19.043336326187134,74.70564516129033,0.1935483870967742,month-hour seasonal concentration
2025-10,22,17_24,31,5.572831872816825,5.572831872816825,23.222682792186898,23.222682792186905,403.5563870967742,23.222682792186898,76.24670967741935,0.12903225806451613,month-hour seasonal concentration
2025-10,23,17_24,31,8.481951944028236,8.481951944028236,28.39401021715808,28.394010217158073,394.9205161290322,28.39401021715808,51.45016129032258,0.16129032258064516,month-hour seasonal concentration
2025-10,24,17_24,31,5.5733473290934885,5.5733473290934885,18.40058688124619,18.400586881246195,385.10880645161285,18.40058688124619,32.17474193548388,0.16129032258064516,month-hour seasonal concentration
2025-10,1,1_8,31,4.814273043102912,4.814273043102912,16.968271749057074,16.968271749057063,371.72809677419355,16.968271749057074,16.203129032258058,0.1935483870967742,month-hour seasonal concentration
2025-10,2,1_8,31,2.179067803747153,2.179067803747153,7.893780390065653,7.893780390065655,374.65019354838705,7.893780390065653,14.588322580645162,0.16129032258064516,month-hour seasonal concentration
2025-10,3,1_8,31,2.0872537393252277,2.0872537393252277,7.092678886496005,7.092678886495999,371.91925806451616,7.092678886496005,11.597387096774199,0.16129032258064516,month-hour seasonal concentration
2025-10,4,1_8,31,1.6544118776622319,1.6544118776622319,5.944166747758963,5.944166747758965,369.0891290322581,5.944166747758963,12.444193548387094,0.03225806451612903,month-hour seasonal concentration
2025-10,5,1_8,31,1.7068740061297472,1.7068740061297472,6.427892992019964,6.42789299201996,366.51054838709683,6.427892992019964,10.810322580645169,0.03225806451612903,month-hour seasonal concentration
2025-10,6,1_8,31,2.518624024825678,2.518624024825678,9.06024819847961,9.060248198479606,371.893,9.06024819847961,13.656967741935485,0.22580645161290322,month-hour seasonal concentration
2025-10,7,1_8,31,8.513702629515704,8.513702629515704,39.61146523607208,39.61146523607209,388.41112903225803,39.61146523607208,41.66912903225806,0.25806451612903225,month-hour seasonal concentration
2025-10,8,1_8,31,14.818802245963726,14.818802245963726,62.232626132607024,62.23262613260704,376.6033225806452,62.232626132607024,73.2966129032258,0.3225806451612903,sign error
2025-10,9,9_16,31,27.87369202509352,21.422079228686613,62.75426361641752,62.754263616417525,323.30706451612906,62.75426361641752,89.50200000000002,0.3225806451612903,sign error
2025-10,10,9_16,31,25.224718229524388,9.176397020497859,28.098054901358783,28.09805490135879,275.2442580645161,28.098054901358783,81.5235483870968,0.12903225806451613,month-hour seasonal concentration
2025-10,11,9_16,31,27.96135038623442,19.200792343397826,80.51812478559457,80.51812478559455,317.6858064516128,80.51812478559457,117.4058064516129,0.1935483870967742,ramp/shock
2025-10,12,9_16,31,15.515776223886112,13.311551000983105,41.94185979655165,41.94185979655163,324.14319354838705,41.94185979655165,122.35187096774192,0.06451612903225806,smooth bias
2025-10,13,9_16,31,19.718151728291932,17.19332349903933,57.22528180374516,57.22528180374516,293.68793548387106,57.22528180374516,108.22019354838712,0.16129032258064516,ramp/shock
2025-10,14,9_16,31,22.36605002922942,13.753044586914493,57.10539839178031,57.10539839178032,318.8354838709677,57.10539839178031,130.10032258064516,0.0967741935483871,ramp/shock
2025-10,15,9_16,31,24.090197663497317,22.293938787113564,68.7723296378874,68.7723296378874,365.2278387096773,68.7723296378874,110.3026129032258,0.16129032258064516,ramp/shock
2025-10,16,9_16,31,14.70076469539891,14.70076469539891,76.0765511006046,76.0765511006046,423.4648064516129,76.0765511006046,126.9611935483871,0.1935483870967742,ramp/shock
2025-11,17,17_24,30,19.394833176617816,14.440249175545377,42.18663029762404,42.18663029762406,404.92948333333334,42.18663029762404,54.74838333333333,0.2,smooth bias
2025-11,18,17_24,30,13.35841914812575,6.691752666288043,20.71783181527995,20.717831815279933,399.91939333333335,20.71783181527995,41.496393333333344,0.2,month-hour seasonal concentration
2025-11,19,17_24,30,17.57473669197391,4.541095455115755,22.58532182930386,22.58532182930386,380.90203333333335,22.58532182930386,35.59640000000002,0.2,month-hour seasonal concentration
2025-11,20,17_24,30,4.7076875896011465,4.058255767484923,13.719765731089302,13.719765731089314,375.06951000000004,13.719765731089302,20.66435666666666,0.1,month-hour seasonal concentration
2025-11,21,17_24,30,6.54290828028572,5.292527259532077,11.36247531166858,11.362475311668582,368.69768333333326,11.36247531166858,19.443950000000005,0.06666666666666667,month-hour seasonal concentration
2025-11,22,17_24,30,17.425793181919563,5.671181306423727,22.917343269709207,22.917343269709207,368.84074333333336,22.917343269709207,32.33669,0.23333333333333334,month-hour seasonal concentration
2025-11,23,17_24,30,9.434168419154215,8.405013368117626,17.967979082302616,17.96797908230262,356.0412666666667,17.967979082302616,26.542533333333335,0.13333333333333333,month-hour seasonal concentration
2025-11,24,17_24,30,2.8250419181553363,2.037322321329366,7.4232771800732325,7.423277180073244,351.70889999999997,7.4232771800732325,22.211800000000007,0.13333333333333333,month-hour seasonal concentration
2025-11,1,1_8,30,17.134092950939575,5.106353160479719,21.139963386595877,21.13996338659588,338.5613166666666,21.139963386595877,30.043916666666664,0.2,month-hour seasonal concentration
2025-11,2,1_8,30,20.880826960736652,7.010779841820925,22.934777177213974,22.93477717721397,324.2176333333334,22.934777177213974,36.216966666666664,0.16666666666666666,month-hour seasonal concentration
2025-11,3,1_8,30,13.979131790274186,3.8753050191919463,11.454335324132293,11.454335324132295,324.76494999999994,11.454335324132293,33.71885,0.2,month-hour seasonal concentration
2025-11,4,1_8,30,12.72856468815197,4.618072916405855,12.42425653111125,12.424256531111256,316.0243666666667,12.42425653111125,32.66576666666666,0.1,month-hour seasonal concentration
2025-11,5,1_8,30,15.697237608598872,7.594660962063208,13.969523437383202,13.969523437383206,317.77285000000006,13.969523437383202,27.686816666666676,0.13333333333333333,month-hour seasonal concentration
2025-11,6,1_8,30,10.613477318852814,6.035992883147055,16.366209722727778,16.36620972272778,343.27279333333337,16.366209722727778,22.322506666666673,0.2,month-hour seasonal concentration
2025-11,7,1_8,30,10.75918009861565,9.99793429619939,29.16503555291174,29.165035552911743,377.44210999999984,29.16503555291174,41.61359000000001,0.13333333333333333,month-hour seasonal concentration
2025-11,8,1_8,30,10.911052206125008,10.421834537261882,29.57803168714129,29.578031687141294,385.0049833333333,29.57803168714129,46.76331666666666,0.1,month-hour seasonal concentration
2025-11,9,9_16,30,35.12166423446654,27.33038948467085,65.11825173875624,65.11825173875624,262.41013333333325,65.11825173875624,88.31906666666669,0.26666666666666666,ramp/shock
2025-11,10,9_16,30,76.11663234861878,26.87209792519169,73.60573210643217,73.60573210643217,144.9095266666667,73.60573210643217,101.23132666666666,0.13333333333333333,low-price denominator sensitivity
2025-11,11,9_16,30,41.16364404242744,12.137334768299452,44.37202241749677,44.37202241749677,136.68156666666667,44.37202241749677,78.00726666666668,0.16666666666666666,smooth bias
2025-11,12,9_16,30,36.202892066755574,9.89183088163862,55.65111963671135,55.65111963671136,148.77166,55.65111963671135,99.68219333333333,0.1,low-price denominator sensitivity
2025-11,13,9_16,30,34.22842975194005,2.6883652457160285,27.054460695202863,27.054460695202863,129.18315,27.054460695202863,72.03548333333333,0.13333333333333333,month-hour seasonal concentration
2025-11,14,9_16,30,89.60949776365244,13.14990377855774,49.632959195032,49.632959195032,113.86583333333333,49.632959195032,88.6475,0.06666666666666667,low-price denominator sensitivity
2025-11,15,9_16,30,48.08415991576906,27.887700075741826,65.74222937898716,65.74222937898715,235.94462666666666,65.74222937898716,88.00860666666668,0.23333333333333334,ramp/shock
2025-11,16,9_16,30,18.24138537680366,12.052949947771133,42.45675176649092,42.45675176649092,362.50411666666673,42.45675176649092,55.113550000000004,0.16666666666666666,smooth bias
2025-12,17,17_24,31,18.022545680850662,11.111376470404583,30.943299272319038,30.943299272319027,341.2833225806452,30.943299272319038,24.114935483870962,0.22580645161290322,month-hour seasonal concentration
2025-12,18,17_24,31,7.03422292643456,5.02593407881778,11.559364329334093,11.559364329334088,331.5243870967741,11.559364329334093,17.197935483870967,0.25806451612903225,month-hour seasonal concentration
2025-12,19,17_24,31,6.191561329154388,3.52637743815205,9.357239734179881,9.357239734179881,320.4770967741935,9.357239734179881,14.936225806451615,0.12903225806451613,month-hour seasonal concentration
2025-12,20,17_24,31,12.521429403773574,6.06981657743986,14.628754725841233,14.628754725841233,309.1247741935484,14.628754725841233,17.661709677419353,0.16129032258064516,month-hour seasonal concentration
2025-12,21,17_24,31,11.592083298423379,3.6856183471591324,10.311237829883042,10.311237829883051,304.40893548387095,10.311237829883042,22.596225806451606,0.1935483870967742,month-hour seasonal concentration
2025-12,22,17_24,31,6.555713034006181,5.091545296804943,12.243057147806946,12.243057147806946,308.5977741935484,12.243057147806946,18.5571935483871,0.16129032258064516,month-hour seasonal concentration
2025-12,23,17_24,31,7.5455613260089445,6.722851226950928,16.349207876262504,16.349207876262504,294.06700000000006,16.349207876262504,25.874451612903226,0.3225806451612903,sign error
2025-12,24,17_24,31,11.100004705378543,9.352267670321332,19.67710211297416,19.677102112974154,270.9325161290323,19.67710211297416,38.61796774193549,0.0967741935483871,month-hour seasonal concentration
2025-12,1,1_8,31,16.53886365639798,14.836825769503083,29.454164641867326,29.45416464186731,287.5125483870968,29.454164641867326,27.33903225806452,0.3548387096774194,sign error
2025-12,2,1_8,31,16.805681091484235,10.604819537174068,22.205282850761574,22.205282850761566,263.60277419354844,22.205282850761574,31.981225806451604,0.06451612903225806,month-hour seasonal concentration
2025-12,3,1_8,31,23.895893139325704,11.780289925109402,25.836861324514935,25.836861324514935,274.31780645161285,25.836861324514935,18.88125806451613,0.25806451612903225,month-hour seasonal concentration
2025-12,4,1_8,31,27.7734324561723,7.815557893042621,19.370576230651054,19.370576230651054,269.4756451612903,19.370576230651054,22.817225806451617,0.22580645161290322,month-hour seasonal concentration
2025-12,5,1_8,31,26.6023011597744,4.778174709477576,16.436936809373574,16.436936809373577,261.84970967741936,16.436936809373574,28.860806451612895,0.16129032258064516,month-hour seasonal concentration
2025-12,6,1_8,31,30.3055068152856,12.415957106026841,26.020542353773365,26.020542353773372,245.8860967741936,26.020542353773365,43.64893548387097,0.2903225806451613,sign error
2025-12,7,1_8,31,50.25848544889101,12.522775614870884,29.645573165178934,29.645573165178934,223.52919354838716,29.645573165178934,50.89838709677419,0.1935483870967742,month-hour seasonal concentration
2025-12,8,1_8,31,25.42906781322884,12.976672483105594,30.160131011948806,30.16013101194881,289.13358064516126,30.160131011948806,30.53364516129031,0.2903225806451613,sign error
2025-12,9,9_16,31,21.758830457531086,19.411848219198358,43.587729177880654,43.58772917788065,297.4382258064516,43.587729177880654,47.00922580645162,0.25806451612903225,month-hour seasonal concentration
2025-12,10,9_16,31,58.47127506478424,42.16360408625941,95.32361784614842,95.32361784614844,203.01158064516125,95.32361784614842,130.93193548387097,0.2903225806451613,sign error
2025-12,11,9_16,31,63.072528465078484,29.808998547583766,74.29133355925761,74.29133355925761,181.4415483870968,74.29133355925761,161.86106451612903,0.16129032258064516,low-price denominator sensitivity
2025-12,12,9_16,31,38.79900541295852,17.137937283316955,46.96033365355786,46.96033365355785,175.8444516129032,46.96033365355786,159.48593548387097,0.0967741935483871,smooth bias
2025-12,13,9_16,31,52.38330223304411,26.62610483745753,64.67433575964503,64.67433575964505,139.5744193548387,64.67433575964503,154.23787096774194,0.16129032258064516,low-price denominator sensitivity
2025-12,14,9_16,31,82.90548122033269,15.267304265188438,62.89114875695895,62.89114875695894,165.3073225806451,62.89114875695895,157.62674193548386,0.22580645161290322,low-price denominator sensitivity
2025-12,15,9_16,31,51.74305968352072,33.73879045316841,68.49341737037227,68.49341737037227,240.7851612903226,68.49341737037227,120.82332258064515,0.06451612903225806,ramp/shock
2025-12,16,9_16,31,30.000290347912745,21.558636725101927,64.73150161673591,64.73150161673593,347.33461290322583,64.73150161673591,44.66587096774194,0.12903225806451613,ramp/shock
